{"cameraMode":{"drawMode":0,"name":"Shaded","section":"Shading Mode"},"sceneLighting":false,"audioPlay":false,"sceneViewState":{"showFog":true,"showMaterialUpdate":false,"showSkybox":false,"showFlares":true,"showImageEffects":true,"showParticleSystems":true},"in2DMode":false,"pivot":{"x":0.06700000166893006,"y":0.1940000057220459,"z":0.35100001096725466},"rotation":{"x":-0.06843937188386917,"y":-0.9080653786659241,"z":0.1638333797454834,"w":-0.37933364510536196},"size":0.280790239572525,"orthographic":false}