{"cameraMode":{"drawMode":0,"name":"Shaded","section":"Shading Mode"},"sceneLighting":true,"audioPlay":false,"sceneViewState":{"showFog":true,"showMaterialUpdate":false,"showSkybox":true,"showFlares":true,"showImageEffects":true,"showParticleSystems":true},"in2DMode":false,"pivot":{"x":-2.259999990463257,"y":1.0,"z":1.2000000476837159},"rotation":{"x":0.015412559732794762,"y":0.8208439946174622,"z":-0.02254600264132023,"w":0.5706328749656677},"size":1.227467656135559,"orthographic":false}